<?xml version="1.0" encoding="UTF-8"?>
<!DOCTYPE mapper
PUBLIC "-//mybatis.org//DTD mapper 3.0//EN"
"http://mybatis.org/dtd/mybatis-3-mapper.dtd">
<mapper namespace="com.iteasyup.easybug.mapper.BugMapper">
	<resultMap type="com.iteasyup.easybug.model.Bug" id="bugresult">
		<result property="bugno" column="bug_id"/>
		<result property="bugname" column="bug_name"/>
		<result property="state" column="state"/>
		<result property="userid" column="rec_user_id"/>
		<result property="struno" column="str_user_id"/>
		<result property="conid" column="con_user_id"/>
	</resultMap>
	<select id="checkbug" parameterType="com.iteasyup.easybug.model.Bug" resultMap="bugresult">
		select bug_id,bug_name,state,rec_user_id,str_user_id,con_user_id from bug where pro_id = #{proid}
	</select>
	<insert id="addbug" parameterType="com.iteasyup.easybug.model.Bug">
		insert into bug(bug_id,bug_name,pro_id,phe_content,phe_id,stage,rec_user_id,hap_time) values(seq_bug_id.nextval,#{bugname},
		#{proid},#{content},#{pheid},#{stage},#{userid},to_date(#{haptime},'yyyyMMdd'))
	</insert>
	<delete id="deletebug" parameterType="com.iteasyup.easybug.model.Bug">
		delete from bug where pro_id = #{proid} and bug_id = #{bugno}
	</delete>
	<update id="modifybug" parameterType="com.iteasyup.easybug.model.Bug">
		update bug set str_user_id = #{struno},str_time = to_date(#{strtime},'yyyyMMdd'),
		con_user_id = #{conid},con_time = to_date(#{contime},'yyyyMMdd')，state = 3 where pro_id = #{proid} and bug_id = #{bugno}
	</update>
	<update id="modifystate" parameterType="com.iteasyup.easybug.model.Bug">
		update bug set state = 4 where bug_id = #{bugno} and pro_id = #{proid}
	</update>
</mapper>