<?xml version="1.0" encoding="UTF-8"?>
<!DOCTYPE mapper
PUBLIC "-//mybatis.org//DTD mapper 3.0//EN"
"http://mybatis.org/dtd/mybatis-3-mapper.dtd">
<mapper namespace="com.iteasyup.easybug.mapper.EasyBugMapper">
	<insert id="addprj" parameterType="com.iteasyup.easybug.model.EasyBugPrj">
		insert into project values(#{pno},#{pname},to_date(#{stime},'yyyyMMdd'),to_date(#{etime},'yyyyMMdd'),#{leader})
	</insert>
	<delete id="deleteprj" parameterType="int">
		delete from project where pro_id = #{value} 
	</delete>
	<update id="modifyprj" parameterType="com.iteasyup.easybug.model.EasyBugPrj">
		update project <set>
			<if test="pname!=null">pro_name = #{pname} </if>
			<if test="stime!=null">,start_time = to_date(#{stime},'yyyyMMdd') </if>
			<if test="etime!=null">,end_time = to_date(#{etime},'yyyyMMdd')</if>
			<if test="leader>0">,header = #{leader}</if>
		</set>
		where pro_id = #{pno}
	</update>
	<resultMap type="com.iteasyup.easybug.model.EasyBugPrj" id="prjclass">
		<result property="pno" column="pro_id"/>
		<result property="pname" column="pro_name"/>
		<result property="stime" column="start_time"/>
		<result property="etime" column="end_time"/>
		<result property="leader" column="header"/>
	</resultMap>
	<select id="selectprj" parameterType="com.iteasyup.easybug.model.EasyBugPrj" resultMap="prjclass">
		select pro_id,pro_name,start_time,
		end_time,header from project <where>
			<if test="pname!=null">pro_name like '%${pname}%' </if>
		</where>
	</select>
</mapper>